Id,Name,Surname,PhoneNumber,Birthdate,Login,Password,Role
1,Molly,Dowson,79272609299,18/09/1965,user01,f8f96af08,1
2,Catherine,Cameron,79983576512,18/09/1966,user02,3ffee1fe9,2
3,Hayden,Grant,79241102163,18/09/1986,user03,e8ca5d174,1
4,Gloria,Marshall,79792257398,18/09/1987,user04,47bf6a2ba,1
5,Trisha,Overson,79663365792,18/09/1988,user05,d951ac71c,2
6,Mayleen,Nayler,79185812096,27/01/1990,user06,c4b5b6776,1
7,Peter,Lunt,79496508975,27/01/1991,user07,42ad04a00,1
8,Miriam,Freeburn,79838843118,23/11/1987,user08,5a5abb2b9,1
9,Penny,Cox,79207787381,27/01/1992,user09,9e3b6ff53,1
10,Julius,Verdon,79526046295,17/02/1966,user10,8c4485cf8,1
11,Jacob,Osman,79062278315,17/02/1967,user11,575250f28,1
12,Nina,Thompson,79363545267,17/02/1968,user12,1bfd38f8f,1
13,Carrie,Fenton,79477791860,27/01/1990,user13,950e9bd09,2
14,Makena,Freeburn,79679288644,27/01/1991,user14,9917e5127,1
15,Daron,Hepburn,79381937674,23/11/1987,user15,8dc049341,1
16,Chanelle,Wills,79564695192,23/11/1987,user16,9a3334640,1
17,Diane,Hogg,79168686188,15/02/1973,user17,7f7eaff7f,1
18,Monica,Mooney,79422264056,23/11/1987,user18,7130f3e59,1
19,Isabella,Whatson,79899364346,26/08/1992,user19,6a8b8ef6a,2
20,Bree,Ryan,79789393159,27/01/1990,user20,d7ab2d62e,2
21,Bob,Irving,79061772862,27/01/1991,user21,c6068cf1a,2
22,Henry,Windsor,79685944542,23/11/1987,user22,1fecd37f2,1
23,Alexia,Edwards,79911691563,23/11/1987,user23,5ea481dfe,1
24,Erick,Henderson,79253511571,15/02/1973,user24,a0074432d,1
25,Maia,Salt,79484383116,23/11/1987,user25,cf8a7bc87,1
26,Peyton,Nayler,79491114185,26/08/1992,user26,edbdcba75,1
27,Lana,Summers,79077829080,20/05/1961,user27,ceec9eb9e,1
28,Isabel,Slater,79711816024,18/05/1991,user28,64ea81c86,1
29,Chris,Swift,79877715539,23/02/1988,user29,efe87516c,1
30,Juliet,Ward,79094789097,23/02/1989,user30,5b038995e,1
31,Emely,Moran,79502396889,26/08/1992,user31,6e68d69b9,1
32,Marina,Exton,79473053440,27/01/1990,user32,ff544b731,1
33,Maddison,Carter,79709083228,27/01/1991,user33,c575ba64c,1
34,Bernadette,Morrow,79944421725,23/11/1987,user34,9da63944b,1
35,Bob,Booth,79355138921,23/11/1987,user35,65432893,1
36,Nate,Sloan,79473404962,15/02/1973,user36,26ce63998,1
37,Jolene,Shaw,79659654799,23/11/1987,user37,2e5e2db5c,1
38,Jack,Gaynor,79549799171,26/08/1992,user38,228d59e7f,1
39,Marissa,Scott,79733654037,20/05/1961,user39,966c9e30e,1
40,Laila,John,79582589255,27/11/1991,user40,47fb584a2,2
41,William,Rehman,79264844119,28/12/1982,user41,a1ce34a2c,1
42,Johnny,Riley,79753165755,21/12/1969,user42,9b26632f5,1
43,Michael,Allen,79688522371,21/12/1970,user43,913048c75,2
44,Chester,Patel,79646954594,21/12/1971,user44,6a216741f,1
45,Cameron,Haines,79245372481,17/11/1963,user45,4f0f79c13,1
46,Evie,Mcleod,79251929977,17/11/1964,user46,23563ab77,1
47,Rick,Fleming,79335483068,20/04/1986,user47,efdf30d96,1
48,Rick,Nayler,79273444362,17/10/1962,user48,493a30d2d,1
49,Bryon,Adams,79291621926,17/11/1972,user49,37daceadd,1
50,Joseph,Grady,79611246396,17/11/1967,user50,3b302cdfe,1
51,Emmanuelle,Wood,79505347683,17/11/1968,user51,0ca1a90bb,2
52,Olivia,Booth,79835147546,25/08/1978,user52,c9d11575d,1
53,Rosa,Larkin,79308643185,25/08/1979,user53,e4efd8168,2
54,Oliver,Atkinson,79203579865,25/08/1980,user54,1ffeebeb4,1
55,Ema,Shields,79704962933,13/12/1964,user55,fa23f98cd,1
56,Alessandra,Robinson,79634711759,24/08/1966,user56,4fce5cb71,1
57,David,Oswald,79226373398,19/11/1986,user57,0c3572f84,1
58,Laila,Norman,79079088447,24/09/1977,user58,63f81666a,1
59,Valerie,Vernon,79337627774,24/08/1966,user59,a622d5a7e,1
60,Alexander,Roth,79824004021,19/11/1986,user60,bd74e748b,1
61,Josh,Johnson,79134475977,24/09/1977,user61,86fb5966a,2
62,Rick,Holt,79565549924,24/09/1977,user62,aac3f52da,2
63,Joseph,Flett,79427232029,15/12/1987,user63,e2c23f1d4,2
64,Maxwell,Vaughn,79201753483,24/09/1977,user64,810721c0a,2
65,Daniel,Blythe,79453557897,13/12/1978,user65,078353df1,1
66,Carrie,Ianson,79177941776,20/01/1968,user66,55240e25e,2
67,Doris,Mcleod,79507394829,20/01/1968,user67,1e62d4dd5,1
68,Vanessa,Bristow,79634436069,27/12/1983,user68,b07513991,1
69,Fred,Upsdell,79654816337,18/01/1975,user69,043f545b1,1
70,Enoch,Selby,79104284491,20/01/1987,user70,c75948326,1
71,Ryan,Mccall,79668067481,20/01/1968,user71,bc5416265,2
72,Rosalyn,Harrison,79329476264,26/05/1989,user72,7edc9b895,2
73,Chadwick,Edler,79171821327,20/01/1968,user73,32ad58e48,2
74,Lindsay,Fox,79446375221,20/05/1961,user74,60fdbf5bd,1
75,Lillian,Faulkner,79186282033,23/08/1960,user75,55e2295d1,1
76,Lexi,Rees,79746167249,28/06/1976,user76,192a06f4f,1
77,Bob,Hancock,79174297835,26/08/1992,user77,ba41fe240,2
78,Gina,Trent,79606305953,27/01/1990,user78,856ac4317,1
79,Cristal,Fulton,79859508979,27/01/1991,user79,68680fde3,1
80,Mark,Larkin,79401174740,23/11/1987,user80,809296f4d,1
81,Violet,Drake,79688312575,23/11/1987,user81,db883a239,2
82,Michael,Brown,79355788198,15/02/1973,user82,4bce35d67,1
83,Vicky,Bolton,79673865933,23/11/1987,user83,dd816b821,1
84,Zara,Judd,79134536316,26/08/1992,user84,2b2df1060,1
85,Carolyn,Penn,79822531241,20/05/1961,user85,0073476b0,1
86,Danny,Veale,79079633161,20/05/1961,user86,231c1b704,1
87,Clarissa,Fox,79978295354,26/12/1983,user87,a1acd2431,1
88,Freya,Blackburn,79398224648,18/12/1970,user88,b00c011eb,1
89,Sasha,Haines,79888602878,20/05/1961,user89,92ecf86ed,1
90,Jazmin,Walter,79163985910,19/03/1994,user90,0661069a1,2
91,Andrea,Walsh,79916927474,19/03/1995,user91,55c7756c2,2
92,Matt,Ryan,79386198332,19/03/1996,user92,9e647dc1f,2
93,Logan,Squire,79877975370,13/08/1967,user93,8383f5f6b,1
94,Leilani,Umney,79946045951,23/08/1979,user94,ec2b00904,1
95,Miley,Palmer,79235822968,25/10/1964,user95,f62621961,1
96,Tyler,Taylor,79213284951,25/10/1965,user96,9be5f39b3,1
97,Logan,Hancock,79375356911,25/10/1966,user97,928c26c39,1
98,Michael,Jefferson,79734614197,25/10/1967,user98,630a90ae7,1
99,Anthony,Ward,79546907036,21/06/1983,user99,517a0bee9,1
100,Darlene,Willis,79537416476,16/02/1995,user100,a8e7efbfd,1
